{"cameraMode":{"drawMode":0,"name":"Shaded","section":"Shading Mode"},"sceneLighting":false,"audioPlay":false,"sceneViewState":{"showFog":true,"showMaterialUpdate":false,"showSkybox":false,"showFlares":true,"showImageEffects":true,"showParticleSystems":true},"in2DMode":false,"pivot":{"x":0.00550609827041626,"y":0.8896401524543762,"z":-0.035166189074516299},"rotation":{"x":-0.08505628257989884,"y":0.028353100642561914,"z":0.0023857681080698969,"w":0.9960126280784607},"size":1.4218683242797852,"orthographic":false}