{"cameraMode":{"drawMode":0,"name":"Shaded","section":"Shading Mode"},"sceneLighting":false,"audioPlay":false,"sceneViewState":{"showFog":true,"showMaterialUpdate":false,"showSkybox":false,"showFlares":true,"showImageEffects":true,"showParticleSystems":true},"in2DMode":false,"pivot":{"x":-0.000017002224922180176,"y":0.20820853114128114,"z":-0.0006837807595729828},"rotation":{"x":-0.09831831604242325,"y":0.06559234857559204,"z":0.006487016566097736,"w":0.993000864982605},"size":0.3398587107658386,"orthographic":false}