{"cameraMode":{"drawMode":0,"name":"Shaded","section":"Shading Mode"},"sceneLighting":false,"audioPlay":false,"sceneViewState":{"showFog":true,"showMaterialUpdate":false,"showSkybox":false,"showFlares":true,"showImageEffects":true,"showParticleSystems":true},"in2DMode":false,"pivot":{"x":0.4788365364074707,"y":0.8823740482330322,"z":-1.3949494361877442},"rotation":{"x":-0.04132811725139618,"y":0.95804762840271,"z":-0.18207627534866334,"w":-0.21745900809764863},"size":3.663214921951294,"orthographic":false}